entity,month,imports_usd,quantity,unit,unit_value_usd
TOTAL FOR ALL COUNTRIES,2023-01,792544576,45643464,NO,17.363813053277465
TOTAL FOR ALL COUNTRIES,2023-02,638011385,44859519,NO,14.222430360878368
TOTAL FOR ALL COUNTRIES,2023-03,934430895,55320347,NO,16.891269590192557
TOTAL FOR ALL COUNTRIES,2023-04,741698671,47984770,NO,15.456960010436644
TOTAL FOR ALL COUNTRIES,2023-05,764824306,56361540,NO,13.569968208817572
TOTAL FOR ALL COUNTRIES,2023-06,829842614,53658392,NO,15.465290387382462
TOTAL FOR ALL COUNTRIES,2023-07,702388752,56407822,NO,12.451974337885266
TOTAL FOR ALL COUNTRIES,2023-08,793397345,50370338,NO,15.751280942367311
TOTAL FOR ALL COUNTRIES,2023-09,862600078,48378817,NO,17.830119285471572
TOTAL FOR ALL COUNTRIES,2023-10,862726615,47915605,NO,18.005128287538056
TOTAL FOR ALL COUNTRIES,2023-11,744727538,50904362,NO,14.629935603553974
TOTAL FOR ALL COUNTRIES,2023-12,837283766,41119856,NO,20.362030596605202
TOTAL FOR ALL COUNTRIES,2024-01,834112977,63793075,NO,13.075290335197041
TOTAL FOR ALL COUNTRIES,2024-02,802508820,37174197,NO,21.587791660973874
TOTAL FOR ALL COUNTRIES,2024-03,967495684,46836619,NO,20.656821620706651
TOTAL FOR ALL COUNTRIES,2024-04,1000426666,48748429,NO,20.522233978042657
TOTAL FOR ALL COUNTRIES,2024-05,1312431707,36743342,NO,35.718898596649154
TOTAL FOR ALL COUNTRIES,2024-06,1343582097,39275488,NO,34.20917639521118
TOTAL FOR ALL COUNTRIES,2024-07,1506189711,50597268,NO,29.768202326655267
TOTAL FOR ALL COUNTRIES,2024-08,1865491625,51038147,NO,36.550927779568489
TOTAL FOR ALL COUNTRIES,2024-09,1940137312,57696044,NO,33.62686897562682
TOTAL FOR ALL COUNTRIES,2024-10,1617966980,36230861,NO,44.657149605139111
TOTAL FOR ALL COUNTRIES,2024-11,2195424918,35036991,NO,62.660201556691895
TOTAL FOR ALL COUNTRIES,2024-12,2076459581,39526219,NO,52.533726562614049
TOTAL FOR ALL COUNTRIES,2025-01,1284875875,50483034,NO,25.451637375836007
TOTAL FOR ALL COUNTRIES,2025-02,1319120617,41934226,NO,31.456896736331796
TOTAL FOR ALL COUNTRIES,2025-03,1695699999,51694438,NO,32.802368390193159
TOTAL FOR ALL COUNTRIES,2025-04,1069934822,20628897,NO,51.865827920901445
TOTAL FOR ALL COUNTRIES,2025-05,1419451280,18758983,NO,75.667816320319716
TOTAL FOR ALL COUNTRIES,2025-06,1456566659,17760489,NO,82.011630366708928
TOTAL FOR ALL COUNTRIES,2025-07,1134972850,17477363,NO,64.939593575987402
TOTAL FOR ALL COUNTRIES,2025-08,1181809124,18763771,NO,62.983561460007159
TOTAL FOR ALL COUNTRIES,2025-09,1650202688,21546936,NO,76.586419897474059
TOTAL FOR ALL COUNTRIES,2025-10,1559570615,22447989,NO,69.474847613298451
TOTAL FOR ALL COUNTRIES,2025-11,1585143758,18332895,NO,86.464454086493163
TOTAL FOR ALL COUNTRIES,2025-12,2208342366,14951147,NO,147.70387623103431
TOTAL FOR ALL COUNTRIES,2026-01,2375653873,22577765,NO,105.22094959354924
TOTAL FOR ALL COUNTRIES,2026-02,2808209981,30493554,NO,92.091921492653825
TOTAL FOR ALL COUNTRIES,2026-03,3595249597,22681171,NO,158.51252111277677
TOTAL FOR ALL COUNTRIES,2026-04,4005773550,47166937,NO,84.927574372700946
TOTAL FOR ALL COUNTRIES,2026-05,5253625386,39985527,NO,131.38817417612128
TOTAL FOR ALL COUNTRIES,2026-06,6780798834,32397802,NO,209.29811331027952
TOTAL FOR ALL COUNTRIES,2026-07,6471702243,31350379,NO,206.43138773537635
TOTAL FOR ALL COUNTRIES,2026-08,8175443299,30842591,NO,265.06992551306729
"KOREA, SOUTH",2023-01,209711002,1194090,NO,175.62411711010057
"KOREA, SOUTH",2023-02,113124740,1004171,NO,112.65485659314997
"KOREA, SOUTH",2023-03,239668018,1932817,NO,123.99933258037362
"KOREA, SOUTH",2023-04,140772145,1049983,NO,134.07088019520316
"KOREA, SOUTH",2023-05,151373023,1093355,NO,138.44819203277984
"KOREA, SOUTH",2023-06,187096656,1481249,NO,126.31006400679426
"KOREA, SOUTH",2023-07,108532704,873728,NO,124.21795341341928
"KOREA, SOUTH",2023-08,150876304,1014638,NO,148.69963868887228
"KOREA, SOUTH",2023-09,177642729,1324265,NO,134.14439632550886
"KOREA, SOUTH",2023-10,190526083,1400248,NO,136.06595617347784
"KOREA, SOUTH",2023-11,125629299,845875,NO,148.51993379636471
"KOREA, SOUTH",2023-12,260439048,1694653,NO,153.68281766237689
"KOREA, SOUTH",2024-01,251356184,1401928,NO,179.29321905261895
"KOREA, SOUTH",2024-02,192355764,1219615,NO,157.71843081628219
"KOREA, SOUTH",2024-03,278086289,1969257,NO,141.21381262069909
"KOREA, SOUTH",2024-04,239812824,803776,NO,298.35778127239428
"KOREA, SOUTH",2024-05,432859980,1144883,NO,378.08228439063208
"KOREA, SOUTH",2024-06,378544737,1175993,NO,321.89369919718911
"KOREA, SOUTH",2024-07,492065812,1804903,NO,272.62728911193568
"KOREA, SOUTH",2024-08,458539781,1218598,NO,376.28469848136956
"KOREA, SOUTH",2024-09,586766929,1427571,NO,411.02469089103101
"KOREA, SOUTH",2024-10,461575486,1394009,NO,331.11370586560059
"KOREA, SOUTH",2024-11,652853105,1853970,NO,352.13790136841482
"KOREA, SOUTH",2024-12,687161342,2006198,NO,342.51920398684479
"KOREA, SOUTH",2025-01,403468863,1468239,NO,274.79781084687164
"KOREA, SOUTH",2025-02,271942996,856025,NO,317.68113781723667
"KOREA, SOUTH",2025-03,377590054,1289798,NO,292.75130989503782
"KOREA, SOUTH",2025-04,261743941,978251,NO,267.56317243733969
"KOREA, SOUTH",2025-05,334905397,1138156,NO,294.25263057085323
"KOREA, SOUTH",2025-06,387511615,1422996,NO,272.32094468290848
"KOREA, SOUTH",2025-07,306634643,965134,NO,317.71198921600524
"KOREA, SOUTH",2025-08,282461070,878754,NO,321.43360940604538
"KOREA, SOUTH",2025-09,356952532,1110687,NO,321.37994952673438
"KOREA, SOUTH",2025-10,281272238,1010169,NO,278.44077377151746
"KOREA, SOUTH",2025-11,372121721,995189,NO,373.92065326284757
"KOREA, SOUTH",2025-12,685005175,1470696,NO,465.7693874192899
"KOREA, SOUTH",2026-01,849779363,1239911,NO,685.35512871488356
"KOREA, SOUTH",2026-02,783840246,1070405,NO,732.28380472811693
"KOREA, SOUTH",2026-03,913156990,1212879,NO,752.8838325999543
"KOREA, SOUTH",2026-04,955341741,947487,NO,1008.290077858588
"KOREA, SOUTH",2026-05,919521016,656143,NO,1401.403377007756
"KOREA, SOUTH",2026-06,1502778318,784833,NO,1914.7746310361567
"KOREA, SOUTH",2026-07,1645450980,906299,NO,1815.5718808031345
"KOREA, SOUTH",2026-08,1712415158,1359572,NO,1259.5251726278564
TAIWAN,2023-01,181172182,10672093,NO,16.976255922807269
TAIWAN,2023-02,123020407,10161942,NO,12.105993814961746
TAIWAN,2023-03,189122213,14101353,NO,13.411635961457032
TAIWAN,2023-04,160710528,11891456,NO,13.514789778476244
TAIWAN,2023-05,158976542,17121312,NO,9.2853013834453808
TAIWAN,2023-06,151338271,17217047,NO,8.7900248515323209
TAIWAN,2023-07,190175521,32227098,NO,5.9011059885069388
TAIWAN,2023-08,165686665,21241229,NO,7.8002391010425995
TAIWAN,2023-09,167818222,22339033,NO,7.5123315319870825
TAIWAN,2023-10,154779089,20325521,NO,7.6150121317923416
TAIWAN,2023-11,193080799,15861623,NO,12.172827396036332
TAIWAN,2023-12,155802143,19791136,NO,7.8723193554932873
TAIWAN,2024-01,145748043,30501794,NO,4.7783433000694977
TAIWAN,2024-02,135456099,7927665,NO,17.086506430329738
TAIWAN,2024-03,177928297,14965235,NO,11.889442230609809
TAIWAN,2024-04,221358367,24472684,NO,9.045120142931605
TAIWAN,2024-05,265190107,12585834,NO,21.070523177089417
TAIWAN,2024-06,363544439,14292147,NO,25.436656857783507
TAIWAN,2024-07,307574942,34349967,NO,8.9541553853603411
TAIWAN,2024-08,330353891,32823129,NO,10.064667844433723
TAIWAN,2024-09,426777687,36787039,NO,11.601305747929318
TAIWAN,2024-10,285316641,18738039,NO,15.226600873229049
TAIWAN,2024-11,365441905,19461337,NO,18.777841676550793
TAIWAN,2024-12,391711030,22222779,NO,17.626554716671574
TAIWAN,2025-01,227890358,37293710,NO,6.110691534845957
TAIWAN,2025-02,306668841,31549848,NO,9.7201368767291676
TAIWAN,2025-03,483296821,35805488,NO,13.497842034718254
TAIWAN,2025-04,255444098,10088602,NO,25.320068925307986
TAIWAN,2025-05,286935409,6610460,NO,43.406269609074101
TAIWAN,2025-06,289609461,5824051,NO,49.726463762079007
TAIWAN,2025-07,258641639,6220085,NO,41.581688835441959
TAIWAN,2025-08,292224783,6421276,NO,45.50883391400712
TAIWAN,2025-09,414198181,6620650,NO,62.561558306208603
TAIWAN,2025-10,340270960,8804943,NO,38.645447222088777
TAIWAN,2025-11,358040442,7821234,NO,45.777998970494934
TAIWAN,2025-12,525232217,5418941,NO,96.925251077655204
TAIWAN,2026-01,453814964,13836671,NO,32.797987608435584
TAIWAN,2026-02,516481456,21904575,NO,23.578702440015384
TAIWAN,2026-03,738491353,12936076,NO,57.087740749204009
TAIWAN,2026-04,736021569,33920516,NO,21.698419004003359
TAIWAN,2026-05,974970760,29989981,NO,32.509882550442427
TAIWAN,2026-06,1052382398,14615468,NO,72.004700636339521
TAIWAN,2026-07,1116862373,19917477,NO,56.074490408599445
TAIWAN,2026-08,1681478130,19275139,NO,87.235590363317229
VIETNAM,2023-01,15814186,201503,NO,78.481144201327027
VIETNAM,2023-02,11350448,88643,NO,128.0467493203073
VIETNAM,2023-03,13894500,121413,NO,114.43996936077686
VIETNAM,2023-04,23635679,245126,NO,96.422570433164978
VIETNAM,2023-05,19035706,201867,NO,94.298255782272491
VIETNAM,2023-06,13366932,179830,NO,74.330934771728849
VIETNAM,2023-07,12003926,133279,NO,90.066146954884118
VIETNAM,2023-08,16473336,202758,NO,81.246293611102885
VIETNAM,2023-09,19684057,257584,NO,76.418011211876518
VIETNAM,2023-10,26340534,716677,NO,36.753703551251121
VIETNAM,2023-11,28943845,321773,NO,89.951130144542887
VIETNAM,2023-12,29546109,266020,NO,111.06724682354711
VIETNAM,2024-01,22542329,228864,NO,98.496613709451907
VIETNAM,2024-02,41507508,399929,NO,103.78719222662022
VIETNAM,2024-03,79520358,708515,NO,112.23524978299683
VIETNAM,2024-04,54903804,1224438,NO,44.840003332140952
VIETNAM,2024-05,109291010,406816,NO,268.64973354047038
VIETNAM,2024-06,98115591,516453,NO,189.97970967348434
VIETNAM,2024-07,113545146,516997,NO,219.6243807991149
VIETNAM,2024-08,222388185,611535,NO,363.65569427751478
VIETNAM,2024-09,161908733,828169,NO,195.50204487248376
VIETNAM,2024-10,231564712,882644,NO,262.35346527025621
VIETNAM,2024-11,219167076,952447,NO,230.10947170813705
VIETNAM,2024-12,287766265,1285805,NO,223.80241560734325
VIETNAM,2025-01,67348027,401939,NO,167.55783091464127
VIETNAM,2025-02,176652953,1112421,NO,158.80044785202725
VIETNAM,2025-03,161695137,1047819,NO,154.31590475072508
VIETNAM,2025-04,123718671,465374,NO,265.84783636387078
VIETNAM,2025-05,123184975,1030954,NO,119.48639318534096
VIETNAM,2025-06,166536715,1286827,NO,129.41655327406093
VIETNAM,2025-07,170465313,1200242,NO,142.02578563323064
VIETNAM,2025-08,92411588,824992,NO,112.01513226794927
VIETNAM,2025-09,203134101,818794,NO,248.08938634137525
VIETNAM,2025-10,206837643,1032832,NO,200.26262063917463
VIETNAM,2025-11,245452355,1017367,NO,241.26235173737697
VIETNAM,2025-12,295399086,997275,NO,296.20624802587048
VIETNAM,2026-01,355183222,825654,NO,430.18409890825939
VIETNAM,2026-02,466490325,995892,NO,468.4145720620308
VIETNAM,2026-03,856652452,1180456,NO,725.6962156996957
VIETNAM,2026-04,1032247459,1320654,NO,781.61839437127367
VIETNAM,2026-05,949165719,1007498,NO,942.10183940811794
VIETNAM,2026-06,1579013809,1163998,NO,1356.5434038546457
VIETNAM,2026-07,986231641,1024960,NO,962.21476057602251
VIETNAM,2026-08,1599008631,1519411,NO,1052.3871625254785
MALAYSIA,2023-01,141646195,3824616,NO,37.035403031310857
MALAYSIA,2023-02,118044493,3049587,NO,38.70835395087925
MALAYSIA,2023-03,162391617,3674265,NO,44.197034508942608
MALAYSIA,2023-04,66887256,1281272,NO,52.203791232462741
MALAYSIA,2023-05,146193098,3926206,NO,37.235208239200901
MALAYSIA,2023-06,132758251,3026440,NO,43.866143389593056
MALAYSIA,2023-07,143606754,3560323,NO,40.335316205861098
MALAYSIA,2023-08,119740425,3731125,NO,32.092311300211065
MALAYSIA,2023-09,145718666,3249067,NO,44.849387839647505
MALAYSIA,2023-10,166444498,4026654,NO,41.335684168542912
MALAYSIA,2023-11,157429137,3803262,NO,41.393187479589891
MALAYSIA,2023-12,148842916,3654337,NO,40.730484353249302
MALAYSIA,2024-01,161442253,4088107,NO,39.490711226491868
MALAYSIA,2024-02,167964164,3655292,NO,45.950956585684537
MALAYSIA,2024-03,173942425,4308972,NO,40.367499487116646
MALAYSIA,2024-04,200336670,3795211,NO,52.786701450854771
MALAYSIA,2024-05,218256494,3846820,NO,56.736861615568181
MALAYSIA,2024-06,220265474,3904712,NO,56.410171608046895
MALAYSIA,2024-07,289426389,4159429,NO,69.583202165489539
MALAYSIA,2024-08,409955491,4270853,NO,95.989136362220847
MALAYSIA,2024-09,291832330,4755146,NO,61.3718968881292
MALAYSIA,2024-10,250134855,4959972,NO,50.430699003945989
MALAYSIA,2024-11,483329035,6149378,NO,78.598036256675059
MALAYSIA,2024-12,293656529,5433168,NO,54.048858603304737
MALAYSIA,2025-01,271654067,4921095,NO,55.201955459100056
MALAYSIA,2025-02,290756903,4108032,NO,70.777662637486756
MALAYSIA,2025-03,329253967,4788317,NO,68.761940155591205
MALAYSIA,2025-04,197037585,3625508,NO,54.347579704692421
MALAYSIA,2025-05,254716929,4318766,NO,58.979099353843203
MALAYSIA,2025-06,226950439,5090510,NO,44.583045510174813
MALAYSIA,2025-07,178131044,4918796,NO,36.214358961014035
MALAYSIA,2025-08,130515092,3315014,NO,39.370902204334584
MALAYSIA,2025-09,189213748,3724283,NO,50.805416237165652
MALAYSIA,2025-10,212789798,3051756,NO,69.727002420901272
MALAYSIA,2025-11,284059932,4347126,NO,65.344306100168254
MALAYSIA,2025-12,204210914,3359045,NO,60.794337080926276
MALAYSIA,2026-01,289015032,3182753,NO,90.806616787416431
MALAYSIA,2026-02,455949562,2841963,NO,160.43472839020072
MALAYSIA,2026-03,421021200,2760594,NO,152.5110900045425
MALAYSIA,2026-04,428296640,2134487,NO,200.65553924666676
MALAYSIA,2026-05,1242525694,3447682,NO,360.39451840395952
MALAYSIA,2026-06,884848124,3107073,NO,284.78510932958449
MALAYSIA,2026-07,1044770743,2398306,NO,435.62862412052505
MALAYSIA,2026-08,1430360831,2530804,NO,565.18040551540139
