chart,entity,product,month,imports_usd
1,MEXICO,HS847150,2023-01,2101730209
1,MEXICO,HS847150,2023-02,1877313254
1,MEXICO,HS847150,2023-03,2459100844
1,MEXICO,HS847150,2023-04,1830436004
1,MEXICO,HS847150,2023-05,2140424257
1,MEXICO,HS847150,2023-06,2176940084
1,MEXICO,HS847150,2023-07,1836203913
1,MEXICO,HS847150,2023-08,2062786747
1,MEXICO,HS847150,2023-09,1545352541
1,MEXICO,HS847150,2023-10,2573183406
1,MEXICO,HS847150,2023-11,2249790972
1,MEXICO,HS847150,2023-12,2143365333
1,MEXICO,HS847150,2024-01,2231396821
1,MEXICO,HS847150,2024-02,2339879822
1,MEXICO,HS847150,2024-03,2549429814
1,MEXICO,HS847150,2024-04,3047373607
1,MEXICO,HS847150,2024-05,3227288985
1,MEXICO,HS847150,2024-06,3905208880
1,MEXICO,HS847150,2024-07,3544791074
1,MEXICO,HS847150,2024-08,4094914323
1,MEXICO,HS847150,2024-09,4814988106
1,MEXICO,HS847150,2024-10,3958775164
1,MEXICO,HS847150,2024-11,3608794073
1,MEXICO,HS847150,2024-12,4275248801
1,MEXICO,HS847150,2025-01,4529759833
1,MEXICO,HS847150,2025-02,5002574136
1,MEXICO,HS847150,2025-03,5786111809
1,MEXICO,HS847150,2025-04,5783618453
1,MEXICO,HS847150,2025-05,6887178842
1,MEXICO,HS847150,2025-06,6608290552
1,MEXICO,HS847150,2025-07,6697843810
1,MEXICO,HS847150,2025-08,7749210870
1,MEXICO,HS847150,2025-09,7105671932
1,MEXICO,HS847150,2025-10,8234202918
1,MEXICO,HS847150,2025-11,9250381403
1,MEXICO,HS847150,2025-12,6934340798
1,MEXICO,HS847150,2026-01,8372314712
1,MEXICO,HS847150,2026-02,7473171550
1,MEXICO,HS847150,2026-03,8742920571
1,MEXICO,HS847150,2026-04,10363772703
1,MEXICO,HS847150,2026-05,11702104779
1,MEXICO,HS847150,2026-06,13583021806
1,MEXICO,HS847150,2026-07,20077826480
1,MEXICO,HS847150,2026-08,18754185915
1,TAIWAN,HS847150,2023-01,337991992
1,TAIWAN,HS847150,2023-02,293437073
1,TAIWAN,HS847150,2023-03,298425094
1,TAIWAN,HS847150,2023-04,198962513
1,TAIWAN,HS847150,2023-05,340546675
1,TAIWAN,HS847150,2023-06,356934880
1,TAIWAN,HS847150,2023-07,943163640
1,TAIWAN,HS847150,2023-08,999474868
1,TAIWAN,HS847150,2023-09,1113076649
1,TAIWAN,HS847150,2023-10,1041538061
1,TAIWAN,HS847150,2023-11,930882102
1,TAIWAN,HS847150,2023-12,730222315
1,TAIWAN,HS847150,2024-01,838424019
1,TAIWAN,HS847150,2024-02,960332077
1,TAIWAN,HS847150,2024-03,1329276669
1,TAIWAN,HS847150,2024-04,1156205426
1,TAIWAN,HS847150,2024-05,1040357500
1,TAIWAN,HS847150,2024-06,1442471776
1,TAIWAN,HS847150,2024-07,1854809372
1,TAIWAN,HS847150,2024-08,2272994457
1,TAIWAN,HS847150,2024-09,2146770673
1,TAIWAN,HS847150,2024-10,901000790
1,TAIWAN,HS847150,2024-11,769258553
1,TAIWAN,HS847150,2024-12,1112154907
1,TAIWAN,HS847150,2025-01,1059698072
1,TAIWAN,HS847150,2025-02,1322284258
1,TAIWAN,HS847150,2025-03,1585743946
1,TAIWAN,HS847150,2025-04,2072593184
1,TAIWAN,HS847150,2025-05,5941780069
1,TAIWAN,HS847150,2025-06,6722567828
1,TAIWAN,HS847150,2025-07,8941146347
1,TAIWAN,HS847150,2025-08,8542062149
1,TAIWAN,HS847150,2025-09,5015943635
1,TAIWAN,HS847150,2025-10,7617558508
1,TAIWAN,HS847150,2025-11,9374070378
1,TAIWAN,HS847150,2025-12,10458367397
1,TAIWAN,HS847150,2026-01,9743348106
1,TAIWAN,HS847150,2026-02,11864330680
1,TAIWAN,HS847150,2026-03,11434812657
1,TAIWAN,HS847150,2026-04,10261402261
1,TAIWAN,HS847150,2026-05,10212150836
1,TAIWAN,HS847150,2026-06,7584648831
1,TAIWAN,HS847150,2026-07,8575690151
1,TAIWAN,HS847150,2026-08,7442143190
1,THAILAND,HS847150,2023-01,29598537
1,THAILAND,HS847150,2023-02,54715578
1,THAILAND,HS847150,2023-03,63376295
1,THAILAND,HS847150,2023-04,97551318
1,THAILAND,HS847150,2023-05,65038969
1,THAILAND,HS847150,2023-06,69612948
1,THAILAND,HS847150,2023-07,51902522
1,THAILAND,HS847150,2023-08,45435462
1,THAILAND,HS847150,2023-09,80078493
1,THAILAND,HS847150,2023-10,101886074
1,THAILAND,HS847150,2023-11,42408716
1,THAILAND,HS847150,2023-12,37616498
1,THAILAND,HS847150,2024-01,31604858
1,THAILAND,HS847150,2024-02,21355948
1,THAILAND,HS847150,2024-03,33188842
1,THAILAND,HS847150,2024-04,21141871
1,THAILAND,HS847150,2024-05,27869762
1,THAILAND,HS847150,2024-06,35232020
1,THAILAND,HS847150,2024-07,66052532
1,THAILAND,HS847150,2024-08,46304004
1,THAILAND,HS847150,2024-09,26620431
1,THAILAND,HS847150,2024-10,64502175
1,THAILAND,HS847150,2024-11,116184674
1,THAILAND,HS847150,2024-12,94538572
1,THAILAND,HS847150,2025-01,69110613
1,THAILAND,HS847150,2025-02,77883897
1,THAILAND,HS847150,2025-03,113151427
1,THAILAND,HS847150,2025-04,103272022
1,THAILAND,HS847150,2025-05,222989600
1,THAILAND,HS847150,2025-06,180033807
1,THAILAND,HS847150,2025-07,271775395
1,THAILAND,HS847150,2025-08,512095736
1,THAILAND,HS847150,2025-09,833931569
1,THAILAND,HS847150,2025-10,1529856441
1,THAILAND,HS847150,2025-11,1918481787
1,THAILAND,HS847150,2025-12,2010186296
1,THAILAND,HS847150,2026-01,1220831399
1,THAILAND,HS847150,2026-02,1915767696
1,THAILAND,HS847150,2026-03,2652770712
1,THAILAND,HS847150,2026-04,3446592727
1,THAILAND,HS847150,2026-05,2254179502
1,THAILAND,HS847150,2026-06,1576859151
1,THAILAND,HS847150,2026-07,2952323711
1,THAILAND,HS847150,2026-08,1773878152
1,TOTAL FOR ALL COUNTRIES,HS847150,2023-01,2722665740
1,TOTAL FOR ALL COUNTRIES,HS847150,2023-02,2449707098
1,TOTAL FOR ALL COUNTRIES,HS847150,2023-03,3086942177
1,TOTAL FOR ALL COUNTRIES,HS847150,2023-04,2366208502
1,TOTAL FOR ALL COUNTRIES,HS847150,2023-05,2795867251
1,TOTAL FOR ALL COUNTRIES,HS847150,2023-06,2880754454
1,TOTAL FOR ALL COUNTRIES,HS847150,2023-07,3087587443
1,TOTAL FOR ALL COUNTRIES,HS847150,2023-08,3333230830
1,TOTAL FOR ALL COUNTRIES,HS847150,2023-09,2989871192
1,TOTAL FOR ALL COUNTRIES,HS847150,2023-10,4206231505
1,TOTAL FOR ALL COUNTRIES,HS847150,2023-11,3773858462
1,TOTAL FOR ALL COUNTRIES,HS847150,2023-12,3233374189
1,TOTAL FOR ALL COUNTRIES,HS847150,2024-01,3449053651
1,TOTAL FOR ALL COUNTRIES,HS847150,2024-02,3532456490
1,TOTAL FOR ALL COUNTRIES,HS847150,2024-03,4168427203
1,TOTAL FOR ALL COUNTRIES,HS847150,2024-04,4642653470
1,TOTAL FOR ALL COUNTRIES,HS847150,2024-05,4661072429
1,TOTAL FOR ALL COUNTRIES,HS847150,2024-06,5634532990
1,TOTAL FOR ALL COUNTRIES,HS847150,2024-07,5754168415
1,TOTAL FOR ALL COUNTRIES,HS847150,2024-08,6694139437
1,TOTAL FOR ALL COUNTRIES,HS847150,2024-09,7346010659
1,TOTAL FOR ALL COUNTRIES,HS847150,2024-10,5179773692
1,TOTAL FOR ALL COUNTRIES,HS847150,2024-11,4799381686
1,TOTAL FOR ALL COUNTRIES,HS847150,2024-12,5765341639
1,TOTAL FOR ALL COUNTRIES,HS847150,2025-01,5928122847
1,TOTAL FOR ALL COUNTRIES,HS847150,2025-02,6738083119
1,TOTAL FOR ALL COUNTRIES,HS847150,2025-03,8134230493
1,TOTAL FOR ALL COUNTRIES,HS847150,2025-04,8512143746
1,TOTAL FOR ALL COUNTRIES,HS847150,2025-05,13412342015
1,TOTAL FOR ALL COUNTRIES,HS847150,2025-06,13828598620
1,TOTAL FOR ALL COUNTRIES,HS847150,2025-07,16398992304
1,TOTAL FOR ALL COUNTRIES,HS847150,2025-08,17485566722
1,TOTAL FOR ALL COUNTRIES,HS847150,2025-09,13851461738
1,TOTAL FOR ALL COUNTRIES,HS847150,2025-10,18115217388
1,TOTAL FOR ALL COUNTRIES,HS847150,2025-11,21074370202
1,TOTAL FOR ALL COUNTRIES,HS847150,2025-12,20131341046
1,TOTAL FOR ALL COUNTRIES,HS847150,2026-01,20022225838
1,TOTAL FOR ALL COUNTRIES,HS847150,2026-02,22010446817
1,TOTAL FOR ALL COUNTRIES,HS847150,2026-03,23753832925
1,TOTAL FOR ALL COUNTRIES,HS847150,2026-04,25395592036
1,TOTAL FOR ALL COUNTRIES,HS847150,2026-05,25896918134
1,TOTAL FOR ALL COUNTRIES,HS847150,2026-06,24655128756
1,TOTAL FOR ALL COUNTRIES,HS847150,2026-07,33304086042
1,TOTAL FOR ALL COUNTRIES,HS847150,2026-08,29790308139
2,MEXICO,HS847150,2023-01,2101730209
2,MEXICO,HS847150,2023-02,1877313254
2,MEXICO,HS847150,2023-03,2459100844
2,MEXICO,HS847150,2023-04,1830436004
2,MEXICO,HS847150,2023-05,2140424257
2,MEXICO,HS847150,2023-06,2176940084
2,MEXICO,HS847150,2023-07,1836203913
2,MEXICO,HS847150,2023-08,2062786747
2,MEXICO,HS847150,2023-09,1545352541
2,MEXICO,HS847150,2023-10,2573183406
2,MEXICO,HS847150,2023-11,2249790972
2,MEXICO,HS847150,2023-12,2143365333
2,MEXICO,HS847150,2024-01,2231396821
2,MEXICO,HS847150,2024-02,2339879822
2,MEXICO,HS847150,2024-03,2549429814
2,MEXICO,HS847150,2024-04,3047373607
2,MEXICO,HS847150,2024-05,3227288985
2,MEXICO,HS847150,2024-06,3905208880
2,MEXICO,HS847150,2024-07,3544791074
2,MEXICO,HS847150,2024-08,4094914323
2,MEXICO,HS847150,2024-09,4814988106
2,MEXICO,HS847150,2024-10,3958775164
2,MEXICO,HS847150,2024-11,3608794073
2,MEXICO,HS847150,2024-12,4275248801
2,MEXICO,HS847150,2025-01,4529759833
2,MEXICO,HS847150,2025-02,5002574136
2,MEXICO,HS847150,2025-03,5786111809
2,MEXICO,HS847150,2025-04,5783618453
2,MEXICO,HS847150,2025-05,6887178842
2,MEXICO,HS847150,2025-06,6608290552
2,MEXICO,HS847150,2025-07,6697843810
2,MEXICO,HS847150,2025-08,7749210870
2,MEXICO,HS847150,2025-09,7105671932
2,MEXICO,HS847150,2025-10,8234202918
2,MEXICO,HS847150,2025-11,9250381403
2,MEXICO,HS847150,2025-12,6934340798
2,MEXICO,HS847150,2026-01,8372314712
2,MEXICO,HS847150,2026-02,7473171550
2,MEXICO,HS847150,2026-03,8742920571
2,MEXICO,HS847150,2026-04,10363772703
2,MEXICO,HS847150,2026-05,11702104779
2,MEXICO,HS847150,2026-06,13583021806
2,MEXICO,HS847150,2026-07,20077826480
2,MEXICO,HS847150,2026-08,18754185915
2,MEXICO,HS87,2023-01,9584856646
2,MEXICO,HS87,2023-02,8924050154
2,MEXICO,HS87,2023-03,10890213031
2,MEXICO,HS87,2023-04,10336017795
2,MEXICO,HS87,2023-05,10685299122
2,MEXICO,HS87,2023-06,10676776648
2,MEXICO,HS87,2023-07,11046992067
2,MEXICO,HS87,2023-08,10965129552
2,MEXICO,HS87,2023-09,11298971996
2,MEXICO,HS87,2023-10,11888958744
2,MEXICO,HS87,2023-11,11155729820
2,MEXICO,HS87,2023-12,10580240729
2,MEXICO,HS87,2024-01,10038792911
2,MEXICO,HS87,2024-02,11038179939
2,MEXICO,HS87,2024-03,11441223962
2,MEXICO,HS87,2024-04,11490742011
2,MEXICO,HS87,2024-05,11603436154
2,MEXICO,HS87,2024-06,11319573242
2,MEXICO,HS87,2024-07,11229355127
2,MEXICO,HS87,2024-08,11392269501
2,MEXICO,HS87,2024-09,11823030289
2,MEXICO,HS87,2024-10,11985366332
2,MEXICO,HS87,2024-11,11255013840
2,MEXICO,HS87,2024-12,10333032894
2,MEXICO,HS87,2025-01,9944223185
2,MEXICO,HS87,2025-02,9888056217
2,MEXICO,HS87,2025-03,12257621333
2,MEXICO,HS87,2025-04,9347773471
2,MEXICO,HS87,2025-05,10963027551
2,MEXICO,HS87,2025-06,10973249465
2,MEXICO,HS87,2025-07,10098780939
2,MEXICO,HS87,2025-08,10399860097
2,MEXICO,HS87,2025-09,10009029375
2,MEXICO,HS87,2025-10,10877263301
2,MEXICO,HS87,2025-11,9324760048
2,MEXICO,HS87,2025-12,9186540981
2,MEXICO,HS87,2026-01,7634480676
2,MEXICO,HS87,2026-02,8730247437
2,MEXICO,HS87,2026-03,10902106466
2,MEXICO,HS87,2026-04,10318121123
2,MEXICO,HS87,2026-05,11215425958
2,MEXICO,HS87,2026-06,10632675935
2,MEXICO,HS87,2026-07,10227587966
2,MEXICO,HS87,2026-08,10759293313
