entity,month,imports_usd,duty_usd,tariff_rate_pct
VIETNAM,2023-01,180031247,0,0
VIETNAM,2023-02,231560112,0,0
VIETNAM,2023-03,508451362,0,0
VIETNAM,2023-04,401066181,0,0
VIETNAM,2023-05,432863403,0,0
VIETNAM,2023-06,707322751,0,0
VIETNAM,2023-07,654667067,0,0
VIETNAM,2023-08,772366530,0,0
VIETNAM,2023-09,779015150,0,0
VIETNAM,2023-10,896647196,0,0
VIETNAM,2023-11,992997122,0,0
VIETNAM,2023-12,688475432,0,0
VIETNAM,2024-01,798205385,0,0
VIETNAM,2024-02,1005768852,0,0
VIETNAM,2024-03,929327821,0,0
VIETNAM,2024-04,950369330,0,0
VIETNAM,2024-05,1368945545,0,0
VIETNAM,2024-06,1199167883,0,0
VIETNAM,2024-07,1152941821,0,0
VIETNAM,2024-08,1263948125,0,0
VIETNAM,2024-09,1012751408,0,0
VIETNAM,2024-10,1293860014,0,0
VIETNAM,2024-11,1142459313,0,0
VIETNAM,2024-12,891718235,0,0
VIETNAM,2025-01,1086015306,0,0
VIETNAM,2025-02,1197233989,0,0
VIETNAM,2025-03,2091632538,0,0
VIETNAM,2025-04,2344593958,15909294,0.67855220498695834
VIETNAM,2025-05,2815934413,977508,0.034713450550810113
VIETNAM,2025-06,2891382181,345539,0.011950651223854934
VIETNAM,2025-07,3452121597,522188,0.015126581880945256
VIETNAM,2025-08,2567753373,591536,0.023037103415772631
VIETNAM,2025-09,2560567008,2084825,0.081420442952141639
VIETNAM,2025-10,3661714696,150928,0.004121784806579043
VIETNAM,2025-11,2900014614,172432,0.005945901071241981
VIETNAM,2025-12,2285764669,174574,0.007637444150205298
VIETNAM,2026-01,2731427973,1682100,0.061583172488070582
VIETNAM,2026-02,1836735036,281660,0.015334819365856536
VIETNAM,2026-03,2991919891,1523240,0.050911790940060299
VIETNAM,2026-04,3836233037,1323281,0.034494280906220143
VIETNAM,2026-05,3898877775,159139,0.004081661677634919
VIETNAM,2026-06,3506087147,210897,0.0060151670839230283
VIETNAM,2026-07,3342542616,1770082,0.052956153543922385
VIETNAM,2026-08,3482645758,2453894,0.070460625929672865
CHINA,2023-01,2715664964,0,0
CHINA,2023-02,2708573664,0,0
CHINA,2023-03,2954954590,0,0
CHINA,2023-04,3056534586,673,2.2018399630829502e-05
CHINA,2023-05,3220369410,0,0
CHINA,2023-06,3779320528,0,0
CHINA,2023-07,3292631929,568,1.7250637552206035e-05
CHINA,2023-08,3108340885,0,0
CHINA,2023-09,2728003934,0,0
CHINA,2023-10,3224367727,0,0
CHINA,2023-11,3056643351,0,0
CHINA,2023-12,2313207951,0,0
CHINA,2024-01,2382392173,0,0
CHINA,2024-02,2201597221,0,0
CHINA,2024-03,2314032744,0,0
CHINA,2024-04,2308493008,0,0
CHINA,2024-05,3218249242,0,0
CHINA,2024-06,2739662838,0,0
CHINA,2024-07,3207912590,0,0
CHINA,2024-08,2897531783,0,0
CHINA,2024-09,2636604535,0,0
CHINA,2024-10,3414260901,2250,6.5900060517958648e-05
CHINA,2024-11,2731759427,0,0
CHINA,2024-12,2184554992,0,0
CHINA,2025-01,3229586933,0,0
CHINA,2025-02,2649291586,80070991,3.0223547843178027
CHINA,2025-03,1423951542,190254614,13.361031494988893
CHINA,2025-04,628687922,117625557,18.709689320228424
CHINA,2025-05,388659930,70269306,18.07989467810587
CHINA,2025-06,283260404,53317965,18.822950277229712
CHINA,2025-07,222341998,41190610,18.52578926631756
CHINA,2025-08,136758707,22238262,16.260947831277754
CHINA,2025-09,157307325,27318164,17.366110573681169
CHINA,2025-10,103547847,17460143,16.861908292501727
CHINA,2025-11,73956312,9496378,12.840524010986378
CHINA,2025-12,89444192,8527078,9.533406037141015
CHINA,2026-01,74722802,6605903,8.840545085555009
CHINA,2026-02,72954724,5558677,7.6193516954433269
CHINA,2026-03,124654389,873192,0.70049037743869569
CHINA,2026-04,316496197,701238,0.22156285182788468
CHINA,2026-05,442360856,814229,0.18406443268117736
CHINA,2026-06,585152875,660278,0.11283854667893412
CHINA,2026-07,552753344,933051,0.16880060702084146
CHINA,2026-08,448910475,761451,0.16962201650562955
